2025-11-17_18-57-11,0,draft.py:2025-11-17_18-57-11
2025-11-17_18-57-15,0,draft.py:2025-11-17_18-57-11
2025-11-17_19-26-28,0,draft.py:2025-11-17_19-26-28
2025-11-17_19-33-51,11,draft.py:2025-11-17_19-33-51
2025-11-17_19-35-47,11,draft.py:2025-11-17_19-35-47
2025-11-17_19-36-35,0,draft.py:2025-11-17_19-36-35
2025-11-17_19-36-42,0,draft.py:2025-11-17_19-36-35
2025-11-17_19-37-21,11,draft.py:2025-11-17_19-37-21
2025-11-17_19-38-14,11,draft.py:2025-11-17_19-38-14
2025-11-17_19-38-27,11,draft.py:2025-11-17_19-38-27
2025-11-17_19-38-51,0,draft.py:2025-11-17_19-38-51
2025-11-17_19-38-52,0,draft.py:2025-11-17_19-38-51
2025-11-17_19-38-59,0,draft.py:2025-11-17_19-38-59
2025-11-17_19-39-45,0,draft.py:2025-11-17_19-39-45
2025-11-17_19-40-18,0,draft.py:2025-11-17_19-40-18
2025-11-17_19-40-50,0,draft.py:2025-11-17_19-40-50
2025-11-17_19-42-41,0,draft.py:2025-11-17_19-42-41
2025-11-17_19-42-42,0,draft.py:2025-11-17_19-42-41
2025-11-17_19-42-56,0,draft.py:2025-11-17_19-42-56
2025-11-17_19-42-56,0,draft.py:2025-11-17_19-42-56
2025-11-17_19-43-08,0,draft.py:2025-11-17_19-43-08
2025-11-17_19-43-22,0,draft.py:2025-11-17_19-43-22
2025-11-17_19-44-03,0,draft.py:2025-11-17_19-44-03
2025-11-17_19-44-04,11,draft.py:2025-11-17_19-44-04
2025-11-17_19-44-10,11,draft.py:2025-11-17_19-44-04
2025-11-17_19-44-14,11,draft.py:2025-11-17_19-44-14
2025-11-17_19-44-25,0,draft.py:2025-11-17_19-44-14
2025-11-17_19-47-26,11,draft.py:2025-11-17_19-47-26
2025-11-17_19-49-05,0,draft.py:2025-11-17_19-49-05
2025-11-17_19-49-05,0,draft.py:2025-11-17_19-49-05
2025-11-17_19-49-15,0,draft.py:2025-11-17_19-49-15
2025-11-17_19-49-17,0,draft.py:2025-11-17_19-49-17
2025-11-17_19-49-31,0,draft.py:2025-11-17_19-49-31
2025-11-17_19-49-34,0,draft.py:2025-11-17_19-49-31
2025-11-17_19-50-52,11,draft.py:2025-11-17_19-50-52
2025-11-17_19-51-01,11,draft.py:2025-11-17_19-50-52
2025-11-17_19-51-24,0,draft.py:2025-11-17_19-51-24
2025-11-17_19-51-46,0,draft.py:2025-11-17_19-51-46
2025-11-17_19-51-48,0,draft.py:2025-11-17_19-51-46
2025-11-17_19-51-56,0,draft.py:2025-11-17_19-51-56
2025-11-17_19-51-58,11,draft.py:2025-11-17_19-51-56
2025-11-17_19-53-22,11,draft.py:2025-11-17_19-53-22
2025-11-17_19-53-27,11,draft.py:2025-11-17_19-53-22
2025-11-17_19-55-21,11,draft.py:2025-11-17_19-53-22
2025-11-17_19-55-44,11,draft.py:2025-11-17_19-55-44
2025-11-17_19-56-22,33,draft.py:2025-11-17_19-56-22
2025-11-17_19-58-56,11,draft.py:2025-11-17_19-58-56
2025-11-17_19-59-34,11,draft.py:2025-11-17_19-59-34
2025-11-17_19-59-43,33,draft.py:2025-11-17_19-59-43
2025-11-17_20-01-44,33,draft.py:2025-11-17_20-01-44
2025-11-17_20-03-21,33,draft.py:2025-11-17_20-03-21
2025-11-17_20-03-28,33,draft.py:2025-11-17_20-03-21
2025-11-17_20-05-47,33,draft.py:2025-11-17_20-05-47
2025-11-17_20-05-55,33,draft.py:2025-11-17_20-05-47
2025-11-17_20-06-00,33,draft.py:2025-11-17_20-06-00
2025-11-17_20-07-10,33,draft.py:2025-11-17_20-07-10
2025-11-17_20-19-20,0,draft.py:2025-11-17_20-19-20
2025-11-17_20-19-21,0,draft.py:2025-11-17_20-19-20
2025-11-17_20-36-30,0,draft.py:2025-11-17_20-36-30
2025-11-17_20-36-31,0,draft.py:2025-11-17_20-36-30
2025-11-17_20-36-41,33,draft.py:2025-11-17_20-36-41
2025-11-17_20-37-42,33,draft.py:2025-11-17_20-37-42
2025-11-17_20-38-35,33,draft.py:2025-11-17_20-38-35
2025-11-17_20-39-00,33,draft.py:2025-11-17_20-39-00
2025-11-17_20-39-37,33,draft.py:2025-11-17_20-39-37
2025-11-17_20-40-26,33,draft.py:2025-11-17_20-40-26
2025-11-17_20-40-33,33,draft.py:2025-11-17_20-40-33
2025-11-17_20-40-49,33,draft.py:2025-11-17_20-40-49
2025-11-17_20-40-57,33,draft.py:2025-11-17_20-40-49
2025-11-17_20-46-06,33,draft.py:2025-11-17_20-46-06
2025-11-17_20-47-46,44,draft.py:2025-11-17_20-47-46
2025-11-17_20-48-49,33,draft.py:2025-11-17_20-48-49
2025-11-17_20-49-01,33,draft.py:2025-11-17_20-49-01
2025-11-17_20-49-27,44,draft.py:2025-11-17_20-49-27
2025-11-17_20-49-35,33,draft.py:2025-11-17_20-49-35
2025-11-17_20-51-17,44,draft.py:2025-11-17_20-51-17
2025-11-17_20-51-26,55,draft.py:2025-11-17_20-51-26
2025-11-17_20-52-55,33,draft.py:2025-11-17_20-52-55
2025-11-17_20-53-02,33,draft.py:2025-11-17_20-53-02
2025-11-17_20-53-26,55,draft.py:2025-11-17_20-53-26
2025-11-17_20-54-48,0,draft.py:2025-11-17_20-54-48
2025-11-17_20-54-49,55,draft.py:2025-11-17_20-54-48
2025-11-17_20-55-14,55,draft.py:2025-11-17_20-54-48
2025-11-17_20-55-19,55,draft.py:2025-11-17_20-54-48
2025-11-17_20-55-33,55,draft.py:2025-11-17_20-55-33
2025-11-17_20-56-40,33,draft.py:2025-11-17_20-56-40
2025-11-17_20-56-47,33,draft.py:2025-11-17_20-56-40
2025-11-17_20-57-30,55,draft.py:2025-11-17_20-57-30
2025-11-17_20-57-49,55,draft.py:2025-11-17_20-57-49
2025-11-17_20-59-57,0,draft.py:2025-11-17_20-59-57
2025-11-17_20-59-58,0,draft.py:2025-11-17_20-59-57
2025-11-17_21-00-01,33,draft.py:2025-11-17_21-00-01
2025-11-17_21-00-32,55,draft.py:2025-11-17_21-00-32
2025-11-17_21-02-52,0,draft.py:2025-11-17_21-02-52
2025-11-17_21-02-53,0,draft.py:2025-11-17_21-02-52
2025-11-17_21-02-57,0,draft.py:2025-11-17_21-02-52
2025-11-17_21-02-57,55,draft.py:2025-11-17_21-02-57
2025-11-17_21-03-21,66,draft.py:2025-11-17_21-03-21
2025-11-17_21-04-09,66,draft.py:2025-11-17_21-04-09
2025-11-17_21-05-01,66,draft.py:2025-11-17_21-05-01
2025-11-17_21-05-11,66,draft.py:2025-11-17_21-05-11
2025-11-17_21-05-39,66,draft.py:2025-11-17_21-05-39
2025-11-17_21-05-44,66,draft.py:2025-11-17_21-05-44
2025-11-17_21-05-49,66,draft.py:2025-11-17_21-05-49
2025-11-17_21-05-52,77,draft.py:2025-11-17_21-05-49
2025-11-17_21-07-50,33,draft.py:2025-11-17_21-07-50
2025-11-17_21-07-51,33,draft.py:2025-11-17_21-07-50
2025-11-17_21-09-03,0,draft.py:2025-11-17_21-09-03
2025-11-17_21-09-04,33,draft.py:2025-11-17_21-09-04
2025-11-17_21-09-11,55,draft.py:2025-11-17_21-09-11
2025-11-17_21-09-33,55,draft.py:2025-11-17_21-09-33
2025-11-17_21-10-36,33,draft.py:2025-11-17_21-10-36
2025-11-17_21-10-47,33,draft.py:2025-11-17_21-10-36
2025-11-17_21-17-39,0,draft.py:2025-11-17_21-17-39
2025-11-17_21-17-40,0,draft.py:2025-11-17_21-17-39
2025-11-17_21-17-41,0,draft.py:2025-11-17_21-17-39
2025-11-17_21-17-41,0,draft.py:2025-11-17_21-17-39
2025-11-17_21-17-45,33,draft.py:2025-11-17_21-17-45
2025-11-17_21-18-17,0,draft.py:2025-11-17_21-18-17
2025-11-17_21-18-18,0,draft.py:2025-11-17_21-18-17
2025-11-17_21-18-20,0,draft.py:2025-11-17_21-18-17
2025-11-17_21-18-21,0,draft.py:2025-11-17_21-18-17
2025-11-17_21-18-28,0,draft.py:2025-11-17_21-18-28
2025-11-17_21-18-28,0,draft.py:2025-11-17_21-18-28
2025-11-17_21-18-39,33,draft.py:2025-11-17_21-18-39
2025-11-17_21-18-51,66,draft.py:2025-11-17_21-18-51
2025-11-17_21-19-02,77,draft.py:2025-11-17_21-19-02
2025-11-17_21-19-36,77,draft.py:2025-11-17_21-19-36
2025-11-17_21-19-42,77,draft.py:2025-11-17_21-19-36
2025-11-17_21-21-54,77,draft.py:2025-11-17_21-21-54
2025-11-17_21-22-16,77,draft.py:2025-11-17_21-22-16
2025-11-17_21-25-22,88,draft.py:2025-11-17_21-25-22
2025-11-17_21-25-33,88,draft.py:2025-11-17_21-25-33
2025-11-17_21-25-39,100,draft.py:2025-11-17_21-25-39
2025-11-17_21-25-43,100,draft.py:2025-11-17_21-25-39
